timestamp,total_MB,available_MB,used_MB,free_MB,percent_used
2025-06-09 08:35:01.207491,65474.01,51885.44,13588.57,51885.44,20.8
2025-06-09 08:35:02.711490,65474.01,51895.41,13578.6,51895.41,20.7
2025-06-09 08:35:04.215493,65474.01,51900.81,13573.2,51900.81,20.7
2025-06-09 08:35:05.719492,65474.01,51910.84,13563.17,51910.84,20.7
2025-06-09 08:35:07.222963,65474.01,51878.89,13595.12,51878.89,20.8
2025-06-09 08:35:08.726828,65474.01,51885.3,13588.71,51885.3,20.8
2025-06-09 08:35:10.230828,65474.01,51851.24,13622.77,51851.24,20.8
2025-06-09 08:35:11.734828,65474.01,51850.97,13623.04,51850.97,20.8
2025-06-09 08:35:13.239707,65474.01,51830.15,13643.86,51830.15,20.8
2025-06-09 08:35:14.744390,65474.01,51851.63,13622.38,51851.63,20.8
2025-06-09 08:35:16.249115,65474.01,51836.24,13637.77,51836.24,20.8
2025-06-09 08:35:17.753118,65474.01,51843.65,13630.36,51843.65,20.8
2025-06-09 08:35:19.257119,65474.01,51873.39,13600.62,51873.39,20.8
2025-06-09 08:35:20.762115,65474.01,51883.78,13590.23,51883.78,20.8
2025-06-09 08:35:22.266428,65474.01,51888.21,13585.8,51888.21,20.7
2025-06-09 08:35:23.770429,65474.01,51876.42,13597.59,51876.42,20.8
2025-06-09 08:35:25.275427,65474.01,51864.43,13609.58,51864.43,20.8
2025-06-09 08:35:26.779428,65474.01,51843.37,13630.64,51843.37,20.8
2025-06-09 08:35:28.283962,65474.01,51771.18,13702.83,51771.18,20.9
2025-06-09 08:35:29.788964,65474.01,51629.2,13844.81,51629.2,21.1
2025-06-09 08:35:31.292961,65474.01,51620.49,13853.52,51620.49,21.2
2025-06-09 08:35:32.796961,65474.01,51563.58,13910.43,51563.58,21.2
2025-06-09 08:35:34.302962,65474.01,51412.5,14061.51,51412.5,21.5
2025-06-09 08:35:35.806960,65474.01,51312.27,14161.75,51312.27,21.6
2025-06-09 08:35:37.310963,65474.01,51319.91,14154.11,51319.91,21.6
2025-06-09 08:35:38.815512,65474.01,51364.52,14109.49,51364.52,21.5
2025-06-09 08:35:40.319284,65474.01,51326.63,14147.38,51326.63,21.6
2025-06-09 08:35:41.823806,65474.01,51239.81,14234.2,51239.81,21.7
2025-06-09 08:35:43.327807,65474.01,51109.77,14364.24,51109.77,21.9
2025-06-09 08:35:44.833808,65474.01,50937.13,14536.88,50937.13,22.2
2025-06-09 08:35:46.337845,65474.01,50869.63,14604.38,50869.63,22.3
2025-06-09 08:35:47.842849,65474.01,50799.12,14674.89,50799.12,22.4
2025-06-09 08:35:49.347410,65474.01,50781.86,14692.16,50781.86,22.4
2025-06-09 08:35:50.852412,65474.01,50771.02,14702.99,50771.02,22.5
2025-06-09 08:35:52.356743,65474.01,51348.16,14125.86,51348.16,21.6
2025-06-09 08:35:53.861745,65474.01,51357.08,14116.93,51357.08,21.6
2025-06-09 08:35:55.365408,65474.01,51358.29,14115.73,51358.29,21.6
2025-06-09 08:35:56.869667,65474.01,51368.29,14105.73,51368.29,21.5
2025-06-09 08:35:58.374207,65474.01,51315.36,14158.65,51315.36,21.6
2025-06-09 08:35:59.878209,65474.01,51346.18,14127.84,51346.18,21.6
2025-06-09 08:36:01.382956,65474.01,51322.25,14151.77,51322.25,21.6
2025-06-09 08:36:02.886957,65474.01,51335.21,14138.8,51335.21,21.6
2025-06-09 08:36:04.390959,65474.01,51296.03,14177.98,51296.03,21.7
2025-06-09 08:36:05.896957,65474.01,51318.79,14155.22,51318.79,21.6
2025-06-09 08:36:07.400956,65474.01,51316.88,14157.13,51316.88,21.6
2025-06-09 08:36:08.904955,65474.01,51329.32,14144.7,51329.32,21.6
2025-06-09 08:36:10.408987,65474.01,51324.07,14149.95,51324.07,21.6
2025-06-09 08:36:11.912955,65474.01,51330.19,14143.82,51330.19,21.6
2025-06-09 08:36:13.416958,65474.01,51304.27,14169.74,51304.27,21.6
2025-06-09 08:36:14.921991,65474.01,51350.09,14123.93,51350.09,21.6
2025-06-09 08:36:16.426956,65474.01,51336.0,14138.02,51336.0,21.6
2025-06-09 08:36:17.930955,65474.01,51276.79,14197.22,51276.79,21.7
2025-06-09 08:36:19.436356,65474.01,51276.4,14197.61,51276.4,21.7
2025-06-09 08:36:20.941328,65474.01,51274.21,14199.8,51274.21,21.7
2025-06-09 08:36:22.445324,65474.01,51274.38,14199.63,51274.38,21.7
2025-06-09 08:36:23.950330,65474.01,51281.59,14192.42,51281.59,21.7
2025-06-09 08:36:25.454874,65474.01,51274.12,14199.89,51274.12,21.7
2025-06-09 08:36:26.958906,65474.01,51289.82,14184.19,51289.82,21.7
2025-06-09 08:36:28.462877,65474.01,51296.52,14177.49,51296.52,21.7
2025-06-09 08:36:29.967875,65474.01,51301.47,14172.54,51301.47,21.6
2025-06-09 08:36:31.471878,65474.01,51304.16,14169.85,51304.16,21.6
2025-06-09 08:36:32.976396,65474.01,51285.39,14188.62,51285.39,21.7
2025-06-09 08:36:34.480393,65474.01,51280.11,14193.91,51280.11,21.7
2025-06-09 08:36:35.983956,65474.01,51289.28,14184.73,51289.28,21.7
2025-06-09 08:36:37.488634,65474.01,51270.32,14203.7,51270.32,21.7
2025-06-09 08:36:38.993125,65474.01,51274.61,14199.41,51274.61,21.7
2025-06-09 08:36:40.497123,65474.01,51272.65,14201.36,51272.65,21.7
2025-06-09 08:36:42.001918,65474.01,51269.14,14204.88,51269.14,21.7
2025-06-09 08:36:43.505919,65474.01,51257.59,14216.42,51257.59,21.7
2025-06-09 08:36:45.009919,65474.01,51258.45,14215.56,51258.45,21.7
2025-06-09 08:36:46.513919,65474.01,51260.46,14213.55,51260.46,21.7
2025-06-09 08:36:48.017921,65474.01,51287.59,14186.42,51287.59,21.7
2025-06-09 08:36:49.522920,65474.01,51294.62,14179.39,51294.62,21.7
2025-06-09 08:36:51.026920,65474.01,51295.44,14178.57,51295.44,21.7
2025-06-09 08:36:52.530939,65474.01,51314.95,14159.07,51314.95,21.6
2025-06-09 08:36:54.036388,65474.01,51345.56,14128.45,51345.56,21.6
2025-06-09 08:36:55.540390,65474.01,51324.2,14149.81,51324.2,21.6
2025-06-09 08:36:57.044388,65474.01,51333.68,14140.34,51333.68,21.6
2025-06-09 08:36:58.548388,65474.01,51318.34,14155.68,51318.34,21.6
2025-06-09 08:37:00.052388,65474.01,51606.36,13867.65,51606.36,21.2
2025-06-09 08:37:01.556390,65474.01,51650.59,13823.42,51650.59,21.1
2025-06-09 08:37:03.061387,65474.01,51692.05,13781.96,51692.05,21.0
2025-06-09 08:37:04.565388,65474.01,51698.73,13775.28,51698.73,21.0
2025-06-09 08:37:06.069389,65474.01,51705.07,13768.94,51705.07,21.0
2025-06-09 08:37:07.573389,65474.01,51768.98,13705.04,51768.98,20.9
2025-06-09 08:37:09.077388,65474.01,51761.47,13712.54,51761.47,20.9
2025-06-09 08:37:10.581389,65474.01,51768.2,13705.81,51768.2,20.9
2025-06-09 08:37:12.085391,65474.01,51774.0,13700.01,51774.0,20.9
2025-06-09 08:37:13.590401,65474.01,51757.36,13716.65,51757.36,20.9
2025-06-09 08:37:15.095398,65474.01,51820.93,13653.09,51820.93,20.9
2025-06-09 08:37:16.600399,65474.01,51852.64,13621.38,51852.64,20.8
2025-06-09 08:37:18.103938,65474.01,51859.11,13614.9,51859.11,20.8
2025-06-09 08:37:19.608937,65474.01,52116.88,13357.13,52116.88,20.4
2025-06-09 08:37:21.112938,65474.01,52665.9,12808.11,52665.9,19.6
2025-06-09 08:37:22.618320,65474.01,53557.59,11916.43,53557.59,18.2
2025-06-09 08:37:24.122317,65474.01,53564.84,11909.17,53564.84,18.2
2025-06-09 08:37:25.626543,65474.01,53564.77,11909.25,53564.77,18.2
2025-06-09 08:37:27.130765,65474.01,53582.73,11891.29,53582.73,18.2
2025-06-09 08:37:28.634965,65474.01,53584.85,11889.16,53584.85,18.2
2025-06-09 08:37:30.139473,65474.01,53625.75,11848.26,53625.75,18.1
2025-06-09 08:37:31.643631,65474.01,53630.98,11843.03,53630.98,18.1
2025-06-09 08:37:33.148275,65474.01,53633.06,11840.95,53633.06,18.1
2025-06-09 08:37:34.653188,65474.01,53630.27,11843.74,53630.27,18.1
2025-06-09 08:37:36.157458,65474.01,53868.5,11605.52,53868.5,17.7
2025-06-09 08:37:37.661319,65474.01,53864.97,11609.04,53864.97,17.7
2025-06-09 08:37:39.165683,65474.01,53855.45,11618.56,53855.45,17.7
2025-06-09 08:37:40.669666,65474.01,53831.3,11642.71,53831.3,17.8
2025-06-09 08:37:42.173384,65474.01,53818.48,11655.53,53818.48,17.8
2025-06-09 08:37:43.676355,65474.01,53823.8,11650.21,53823.8,17.8
2025-06-09 08:37:45.180960,65474.01,53821.59,11652.42,53821.59,17.8
2025-06-09 08:37:46.684030,65474.01,53821.76,11652.25,53821.76,17.8
2025-06-09 08:37:48.189710,65474.01,53820.74,11653.27,53820.74,17.8
2025-06-09 08:37:49.693709,65474.01,53827.39,11646.62,53827.39,17.8
2025-06-09 08:37:51.198045,65474.01,53871.3,11602.71,53871.3,17.7
2025-06-09 08:37:52.702036,65474.01,53861.72,11612.29,53861.72,17.7
2025-06-09 08:37:54.206194,65474.01,53862.55,11611.46,53862.55,17.7
2025-06-09 08:37:55.710359,65474.01,53865.28,11608.73,53865.28,17.7
2025-06-09 08:37:57.214397,65474.01,53658.89,11815.12,53658.89,18.0
2025-06-09 08:37:58.718479,65474.01,53658.77,11815.24,53658.77,18.0
2025-06-09 08:38:00.231108,65474.01,53538.17,11935.84,53538.17,18.2
2025-06-09 08:38:01.735762,65474.01,53620.38,11853.63,53620.38,18.1
2025-06-09 08:38:03.240214,65474.01,53640.52,11833.49,53640.52,18.1
2025-06-09 08:38:04.744957,65474.01,53650.48,11823.54,53650.48,18.1
2025-06-09 08:38:06.249988,65474.01,53656.31,11817.7,53656.31,18.0
2025-06-09 08:38:07.755050,65474.01,53659.66,11814.35,53659.66,18.0
2025-06-09 08:38:09.259226,65474.01,53658.61,11815.41,53658.61,18.0
2025-06-09 08:38:10.763698,65474.01,53654.02,11820.0,53654.02,18.1
2025-06-09 08:38:12.268455,65474.01,53641.8,11832.21,53641.8,18.1
2025-06-09 08:38:13.772689,65474.01,53642.31,11831.7,53642.31,18.1
2025-06-09 08:38:15.276283,65474.01,53614.16,11859.85,53614.16,18.1
2025-06-09 08:38:16.780888,65474.01,53595.47,11878.54,53595.47,18.1
2025-06-09 08:38:18.284802,65474.01,53440.41,12033.61,53440.41,18.4
2025-06-09 08:38:19.789158,65474.01,53378.0,12096.01,53378.0,18.5
2025-06-09 08:38:21.292742,65474.01,53257.42,12216.59,53257.42,18.7
2025-06-09 08:38:22.797326,65474.01,53151.85,12322.16,53151.85,18.8
2025-06-09 08:38:24.302666,65474.01,53026.48,12447.53,53026.48,19.0
2025-06-09 08:38:25.806357,65474.01,53006.61,12467.4,53006.61,19.0
2025-06-09 08:38:27.311206,65474.01,52985.01,12489.0,52985.01,19.1
2025-06-09 08:38:28.815941,65474.01,52980.84,12493.17,52980.84,19.1
2025-06-09 08:38:30.320031,65474.01,52956.43,12517.58,52956.43,19.1
2025-06-09 08:38:31.824044,65474.01,53012.65,12461.36,53012.65,19.0
2025-06-09 08:38:33.328990,65474.01,52951.6,12522.41,52951.6,19.1
2025-06-09 08:38:34.833814,65474.01,52923.96,12550.05,52923.96,19.2
2025-06-09 08:38:36.338045,65474.01,52927.85,12546.16,52927.85,19.2
2025-06-09 08:38:37.841889,65474.01,52909.16,12564.85,52909.16,19.2
2025-06-09 08:38:39.346540,65474.01,52919.18,12554.84,52919.18,19.2
2025-06-09 08:38:40.851647,65474.01,52920.44,12553.57,52920.44,19.2
2025-06-09 08:38:42.355414,65474.01,52907.97,12566.04,52907.97,19.2
2025-06-09 08:38:43.859648,65474.01,52905.68,12568.33,52905.68,19.2
2025-06-09 08:38:45.363674,65474.01,52919.05,12554.96,52919.05,19.2
2025-06-09 08:38:46.867648,65474.01,52906.78,12567.23,52906.78,19.2
2025-06-09 08:38:48.372898,65474.01,52889.0,12585.01,52889.0,19.2
2025-06-09 08:38:49.878291,65474.01,52899.19,12574.82,52899.19,19.2
2025-06-09 08:38:51.382774,65474.01,52897.07,12576.95,52897.07,19.2
2025-06-09 08:38:52.887029,65474.01,52896.37,12577.64,52896.37,19.2
2025-06-09 08:38:54.392352,65474.01,52898.73,12575.29,52898.73,19.2
2025-06-09 08:38:55.896068,65474.01,52903.0,12571.01,52903.0,19.2
2025-06-09 08:38:57.400143,65474.01,52905.14,12568.87,52905.14,19.2
2025-06-09 08:38:58.903818,65474.01,52906.25,12567.76,52906.25,19.2
2025-06-09 08:39:00.409317,65474.01,52856.97,12617.04,52856.97,19.3
2025-06-09 08:39:01.913172,65474.01,52872.68,12601.34,52872.68,19.2
2025-06-09 08:39:03.418267,65474.01,52869.09,12604.92,52869.09,19.3
2025-06-09 08:39:04.923217,65474.01,52846.07,12627.95,52846.07,19.3
2025-06-09 08:39:06.426948,65474.01,52700.9,12773.11,52700.9,19.5
2025-06-09 08:39:07.931653,65474.01,52853.35,12620.66,52853.35,19.3
2025-06-09 08:39:09.436291,65474.01,52820.16,12653.85,52820.16,19.3
2025-06-09 08:39:10.940282,65474.01,52613.79,12860.22,52613.79,19.6
2025-06-09 08:39:12.443803,65474.01,52446.32,13027.69,52446.32,19.9
2025-06-09 08:39:13.948477,65474.01,52405.09,13068.92,52405.09,20.0
2025-06-09 08:39:15.453005,65474.01,52324.75,13149.27,52324.75,20.1
2025-06-09 08:39:16.957666,65474.01,52176.64,13297.37,52176.64,20.3
2025-06-09 08:39:18.462672,65474.01,51877.29,13596.73,51877.29,20.8
2025-06-09 08:39:19.971671,65474.01,51507.62,13966.39,51507.62,21.3
2025-06-09 08:39:21.483171,65474.01,51446.84,14027.17,51446.84,21.4
2025-06-09 08:39:22.988670,65474.01,51324.65,14149.36,51324.65,21.6
2025-06-09 08:39:24.494172,65474.01,51100.82,14373.19,51100.82,22.0
2025-06-09 08:39:25.998170,65474.01,50948.73,14525.28,50948.73,22.2
2025-06-09 08:39:27.502669,65474.01,51112.2,14361.81,51112.2,21.9
2025-06-09 08:39:29.007171,65474.01,50802.64,14671.37,50802.64,22.4
2025-06-09 08:39:30.514171,65474.01,50971.11,14502.91,50971.11,22.2
2025-06-09 08:39:32.018670,65474.01,50895.58,14578.43,50895.58,22.3
2025-06-09 08:39:33.523171,65474.01,50865.84,14608.17,50865.84,22.3
2025-06-09 08:39:35.028171,65474.01,50788.69,14685.32,50788.69,22.4
2025-06-09 08:39:36.532669,65474.01,50794.92,14679.09,50794.92,22.4
2025-06-09 08:39:38.037211,65474.01,50773.32,14700.69,50773.32,22.5
2025-06-09 08:39:39.541682,65474.01,50708.48,14765.53,50708.48,22.6
2025-06-09 08:39:41.046182,65474.01,50288.12,15185.89,50288.12,23.2
2025-06-09 08:39:42.550494,65474.01,50293.5,15180.51,50293.5,23.2
2025-06-09 08:39:44.055228,65474.01,50179.68,15294.34,50179.68,23.4
2025-06-09 08:39:45.561284,65474.01,49628.35,15845.66,49628.35,24.2
2025-06-09 08:39:47.085784,65474.01,49516.51,15957.5,49516.51,24.4
2025-06-09 08:39:48.591784,65474.01,48747.83,16726.18,48747.83,25.5
2025-06-09 08:39:50.096785,65474.01,49072.4,16401.61,49072.4,25.1
2025-06-09 08:39:51.601305,65474.01,49001.84,16472.17,49001.84,25.2
2025-06-09 08:39:53.106285,65474.01,48984.43,16489.58,48984.43,25.2
2025-06-09 08:39:54.618315,65474.01,48538.88,16935.13,48538.88,25.9
2025-06-09 08:39:56.122814,65474.01,48205.68,17268.34,48205.68,26.4
2025-06-09 08:39:57.635839,65474.01,47934.84,17539.17,47934.84,26.8
2025-06-09 08:39:59.140815,65474.01,47815.77,17658.25,47815.77,27.0
2025-06-09 08:40:00.645812,65474.01,47666.61,17807.4,47666.61,27.2
2025-06-09 08:40:02.150126,65474.01,47470.43,18003.59,47470.43,27.5
2025-06-09 08:40:03.672127,65474.01,47278.68,18195.33,47278.68,27.8
2025-06-09 08:40:05.184629,65474.01,47132.56,18341.45,47132.56,28.0
2025-06-09 08:40:06.689625,65474.01,46994.88,18479.13,46994.88,28.2
2025-06-09 08:40:08.194127,65474.01,46850.23,18623.78,46850.23,28.4
2025-06-09 08:40:09.699625,65474.01,46694.45,18779.57,46694.45,28.7
2025-06-09 08:40:11.205754,65474.01,46439.75,19034.26,46439.75,29.1
2025-06-09 08:40:12.791253,65474.01,46253.82,19220.2,46253.82,29.4
2025-06-09 08:40:14.299254,65474.01,45985.68,19488.33,45985.68,29.8
2025-06-09 08:40:15.806254,65474.01,45786.75,19687.26,45786.75,30.1
2025-06-09 08:40:17.310255,65474.01,45598.15,19875.86,45598.15,30.4
2025-06-09 08:40:18.822754,65474.01,45381.33,20092.68,45381.33,30.7
2025-06-09 08:40:20.339753,65474.01,45213.75,20260.26,45213.75,30.9
2025-06-09 08:40:21.845254,65474.01,45015.25,20458.76,45015.25,31.2
2025-06-09 08:40:23.352813,65474.01,44819.31,20654.7,44819.31,31.5
2025-06-09 08:40:24.862753,65474.01,44609.51,20864.5,44609.51,31.9
2025-06-09 08:40:26.369754,65474.01,44378.39,21095.62,44378.39,32.2
2025-06-09 08:40:27.880254,65474.01,44212.37,21261.64,44212.37,32.5
2025-06-09 08:40:29.385254,65474.01,43997.79,21476.23,43997.79,32.8
2025-06-09 08:40:30.892754,65474.01,43737.18,21736.83,43737.18,33.2
2025-06-09 08:40:32.398253,65474.01,43553.07,21920.95,43553.07,33.5
2025-06-09 08:40:33.930755,65474.01,43292.98,22181.03,43292.98,33.9
2025-06-09 08:40:35.439253,65474.01,43077.01,22397.0,43077.01,34.2
2025-06-09 08:40:37.046753,65474.01,42844.3,22629.71,42844.3,34.6
2025-06-09 08:40:38.654254,65474.01,42587.39,22886.62,42587.39,35.0
2025-06-09 08:40:40.251753,65474.01,42240.4,23233.61,42240.4,35.5
2025-06-09 08:40:41.876753,65474.01,41980.71,23493.3,41980.71,35.9
2025-06-09 08:40:43.453253,65474.01,41781.05,23692.96,41781.05,36.2
2025-06-09 08:40:45.075254,65474.01,41587.48,23886.53,41587.48,36.5
2025-06-09 08:40:46.676254,65474.01,41296.4,24177.61,41296.4,36.9
2025-06-09 08:40:48.182254,65474.01,40965.36,24508.66,40965.36,37.4
2025-06-09 08:40:49.690255,65474.01,40741.78,24732.23,40741.78,37.8
2025-06-09 08:40:51.298755,65474.01,40508.21,24965.8,40508.21,38.1
2025-06-09 08:40:52.821254,65474.01,40532.29,24941.72,40532.29,38.1
2025-06-09 08:40:54.335254,65474.01,40389.18,25084.83,40389.18,38.3
2025-06-09 08:40:55.893753,65474.01,39970.96,25503.05,39970.96,39.0
2025-06-09 08:40:57.441754,65474.01,39717.64,25756.38,39717.64,39.3
2025-06-09 08:40:59.061253,65474.01,39519.68,25954.33,39519.68,39.6
2025-06-09 08:41:00.601753,65474.01,39333.76,26140.25,39333.76,39.9
2025-06-09 08:41:02.113255,65474.01,39108.07,26365.95,39108.07,40.3
2025-06-09 08:41:03.685254,65474.01,39093.66,26380.35,39093.66,40.3
2025-06-09 08:41:05.241754,65474.01,38873.23,26600.78,38873.23,40.6
2025-06-09 08:41:06.746250,65474.01,38869.02,26604.99,38869.02,40.6
2025-06-09 08:41:08.250617,65474.01,39233.5,26240.51,39233.5,40.1
2025-06-09 08:41:09.754614,65474.01,39870.73,25603.28,39870.73,39.1
2025-06-09 08:41:11.259614,65474.01,40109.8,25364.21,40109.8,38.7
2025-06-09 08:41:12.763144,65474.01,40871.79,24602.22,40871.79,37.6
2025-06-09 08:41:14.267615,65474.01,40873.77,24600.24,40873.77,37.6
2025-06-09 08:41:15.772116,65474.01,40901.35,24572.66,40901.35,37.5
2025-06-09 08:41:17.276615,65474.01,40888.46,24585.55,40888.46,37.6
2025-06-09 08:41:18.780615,65474.01,40870.63,24603.38,40870.63,37.6
2025-06-09 08:41:20.285115,65474.01,40970.94,24503.07,40970.94,37.4
2025-06-09 08:41:21.789615,65474.01,41062.25,24411.76,41062.25,37.3
2025-06-09 08:41:23.294149,65474.01,41568.64,23905.37,41568.64,36.5
2025-06-09 08:41:24.798645,65474.01,41566.68,23907.33,41566.68,36.5
2025-06-09 08:41:26.303145,65474.01,41580.27,23893.75,41580.27,36.5
2025-06-09 08:41:27.807644,65474.01,41579.02,23894.99,41579.02,36.5
2025-06-09 08:41:29.312114,65474.01,41582.06,23891.95,41582.06,36.5
2025-06-09 08:41:30.816121,65474.01,41581.12,23892.89,41581.12,36.5
2025-06-09 08:41:32.320115,65474.01,41574.24,23899.77,41574.24,36.5
2025-06-09 08:41:33.824145,65474.01,41572.3,23901.71,41572.3,36.5
2025-06-09 08:41:35.328645,65474.01,41579.2,23894.81,41579.2,36.5
2025-06-09 08:41:36.833145,65474.01,42055.05,23418.96,42055.05,35.8
2025-06-09 08:41:38.337617,65474.01,42055.15,23418.86,42055.15,35.8
2025-06-09 08:41:39.842114,65474.01,42054.31,23419.7,42054.31,35.8
2025-06-09 08:41:41.346615,65474.01,42057.44,23416.57,42057.44,35.8
2025-06-09 08:41:42.850644,65474.01,42055.25,23418.76,42055.25,35.8
2025-06-09 08:41:44.355115,65474.01,42058.59,23415.43,42058.59,35.8
2025-06-09 08:41:45.859144,65474.01,42055.25,23418.77,42055.25,35.8
2025-06-09 08:41:47.363644,65474.01,42058.84,23415.17,42058.84,35.8
2025-06-09 08:41:48.868115,65474.01,42007.25,23466.76,42007.25,35.8
2025-06-09 08:41:50.372115,65474.01,41977.4,23496.61,41977.4,35.9
2025-06-09 08:41:51.876645,65474.01,42421.25,23052.76,42421.25,35.2
2025-06-09 08:41:53.380616,65474.01,42447.47,23026.54,42447.47,35.2
2025-06-09 08:41:54.885116,65474.01,42438.8,23035.21,42438.8,35.2
2025-06-09 08:41:56.389615,65474.01,42406.24,23067.77,42406.24,35.2
2025-06-09 08:41:57.893615,65474.01,42386.24,23087.77,42386.24,35.3
2025-06-09 08:41:59.397614,65474.01,42388.55,23085.46,42388.55,35.3
2025-06-09 08:42:00.901614,65474.01,42392.8,23081.21,42392.8,35.3
2025-06-09 08:42:02.406115,65474.01,42394.37,23079.64,42394.37,35.3
2025-06-09 08:42:03.910114,65474.01,42396.09,23077.92,42396.09,35.2
2025-06-09 08:42:05.415615,65474.01,42804.61,22669.4,42804.61,34.6
2025-06-09 08:42:06.919616,65474.01,42782.54,22691.48,42782.54,34.7
2025-06-09 08:42:08.423615,65474.01,42786.25,22687.76,42786.25,34.7
2025-06-09 08:42:09.927894,65474.01,47669.12,17804.89,47669.12,27.2
2025-06-09 08:42:11.432908,65474.01,53626.44,11847.57,53626.44,18.1
2025-06-09 08:42:12.936918,65474.01,53631.73,11842.28,53631.73,18.1
2025-06-09 08:42:14.441994,65474.01,53641.32,11832.69,53641.32,18.1
2025-06-09 08:42:15.945988,65474.01,53655.17,11818.84,53655.17,18.1
2025-06-09 08:42:17.449711,65474.01,53683.57,11790.45,53683.57,18.0
2025-06-09 08:42:18.953597,65474.01,53709.8,11764.21,53709.8,18.0
2025-06-09 08:42:20.457412,65474.01,53710.29,11763.72,53710.29,18.0
2025-06-09 08:42:21.961994,65474.01,53706.79,11767.23,53706.79,18.0
2025-06-09 08:42:23.466366,65474.01,53707.5,11766.51,53707.5,18.0
2025-06-09 08:42:24.975263,65474.01,53677.27,11796.74,53677.27,18.0
2025-06-09 08:42:26.481381,65474.01,53637.2,11836.81,53637.2,18.1
2025-06-09 08:42:27.985584,65474.01,53577.9,11896.11,53577.9,18.2
2025-06-09 08:42:29.489533,65474.01,53583.12,11890.89,53583.12,18.2
2025-06-09 08:42:30.993562,65474.01,53587.26,11886.75,53587.26,18.2
2025-06-09 08:42:32.497705,65474.01,53598.74,11875.27,53598.74,18.1
2025-06-09 08:42:34.001239,65474.01,53594.74,11879.27,53594.74,18.1
2025-06-09 08:42:35.505471,65474.01,53654.15,11819.86,53654.15,18.1
2025-06-09 08:42:37.009586,65474.01,53668.95,11805.07,53668.95,18.0
2025-06-09 08:42:38.513979,65474.01,53631.71,11842.3,53631.71,18.1
2025-06-09 08:42:40.019031,65474.01,53643.0,11831.01,53643.0,18.1
2025-06-09 08:42:41.523027,65474.01,53646.0,11828.02,53646.0,18.1
2025-06-09 08:42:43.026604,65474.01,53651.82,11822.19,53651.82,18.1
2025-06-09 08:42:44.532105,65474.01,53645.61,11828.41,53645.61,18.1
2025-06-09 08:42:46.036395,65474.01,53634.07,11839.95,53634.07,18.1
2025-06-09 08:42:47.540857,65474.01,53639.83,11834.18,53639.83,18.1
2025-06-09 08:42:49.045869,65474.01,53650.64,11823.37,53650.64,18.1
2025-06-09 08:42:50.550855,65474.01,53647.09,11826.92,53647.09,18.1
2025-06-09 08:42:52.055186,65474.01,53648.27,11825.74,53648.27,18.1
2025-06-09 08:42:53.559786,65474.01,53647.65,11826.36,53647.65,18.1
2025-06-09 08:42:55.063842,65474.01,53680.34,11793.67,53680.34,18.0
2025-06-09 08:42:56.568581,65474.01,53668.66,11805.35,53668.66,18.0
2025-06-09 08:42:58.072580,65474.01,53655.09,11818.92,53655.09,18.1
2025-06-09 08:42:59.577573,65474.01,53674.05,11799.96,53674.05,18.0
2025-06-09 08:43:01.081580,65474.01,53649.01,11825.0,53649.01,18.1
2025-06-09 08:43:02.585406,65474.01,53674.79,11799.22,53674.79,18.0
2025-06-09 08:43:04.089364,65474.01,53683.93,11790.08,53683.93,18.0
2025-06-09 08:43:05.593677,65474.01,53685.31,11788.7,53685.31,18.0
2025-06-09 08:43:07.097585,65474.01,53681.41,11792.6,53681.41,18.0
2025-06-09 08:43:08.602577,65474.01,53687.55,11786.46,53687.55,18.0
2025-06-09 08:43:10.106826,65474.01,53675.01,11799.0,53675.01,18.0
2025-06-09 08:43:11.610693,65474.01,53624.27,11849.74,53624.27,18.1
2025-06-09 08:43:13.115564,65474.01,53615.26,11858.75,53615.26,18.1
2025-06-09 08:43:14.619211,65474.01,53594.66,11879.35,53594.66,18.1
2025-06-09 08:43:16.123393,65474.01,53465.5,12008.51,53465.5,18.3
2025-06-09 08:43:17.627728,65474.01,53441.96,12032.05,53441.96,18.4
2025-06-09 08:43:19.132203,65474.01,53442.41,12031.61,53442.41,18.4
2025-06-09 08:43:20.636767,65474.01,53441.77,12032.24,53441.77,18.4
2025-06-09 08:43:22.140996,65474.01,53471.02,12002.99,53471.02,18.3
2025-06-09 08:43:23.644985,65474.01,53481.77,11992.24,53481.77,18.3
2025-06-09 08:43:25.149220,65474.01,53496.33,11977.68,53496.33,18.3
2025-06-09 08:43:26.654130,65474.01,53506.03,11967.98,53506.03,18.3
2025-06-09 08:43:28.158721,65474.01,53525.98,11948.03,53525.98,18.2
2025-06-09 08:43:29.663004,65474.01,53517.07,11956.94,53517.07,18.3
2025-06-09 08:43:31.166440,65474.01,53517.81,11956.2,53517.81,18.3
2025-06-09 08:43:32.670680,65474.01,53512.13,11961.88,53512.13,18.3
2025-06-09 08:43:34.174284,65474.01,53516.78,11957.23,53516.78,18.3
2025-06-09 08:43:35.678846,65474.01,53519.97,11954.04,53519.97,18.3
2025-06-09 08:43:37.182708,65474.01,53523.04,11950.97,53523.04,18.3
2025-06-09 08:43:38.687056,65474.01,53529.07,11944.94,53529.07,18.2
2025-06-09 08:43:40.191900,65474.01,53526.34,11947.67,53526.34,18.2
2025-06-09 08:43:41.696152,65474.01,53512.59,11961.43,53512.59,18.3
2025-06-09 08:43:43.200630,65474.01,53501.32,11972.7,53501.32,18.3
2025-06-09 08:43:44.704768,65474.01,53502.7,11971.31,53502.7,18.3
2025-06-09 08:43:46.209869,65474.01,53515.99,11958.02,53515.99,18.3
2025-06-09 08:43:47.713837,65474.01,53551.34,11922.67,53551.34,18.2
2025-06-09 08:43:49.218863,65474.01,53562.94,11911.07,53562.94,18.2
2025-06-09 08:43:50.723498,65474.01,53560.39,11913.62,53560.39,18.2
2025-06-09 08:43:52.227605,65474.01,53582.17,11891.84,53582.17,18.2
2025-06-09 08:43:53.731648,65474.01,53584.67,11889.34,53584.67,18.2
2025-06-09 08:43:55.236246,65474.01,53587.25,11886.76,53587.25,18.2
2025-06-09 08:43:56.740358,65474.01,53590.54,11883.47,53590.54,18.1
2025-06-09 08:43:58.244444,65474.01,53592.38,11881.64,53592.38,18.1
2025-06-09 08:43:59.748480,65474.01,53607.42,11866.59,53607.42,18.1
2025-06-09 08:44:01.253300,65474.01,53610.09,11863.92,53610.09,18.1
2025-06-09 08:44:02.757571,65474.01,53601.84,11872.18,53601.84,18.1
2025-06-09 08:44:04.262880,65474.01,53601.95,11872.06,53601.95,18.1
2025-06-09 08:44:05.766855,65474.01,53599.06,11874.95,53599.06,18.1
2025-06-09 08:44:07.271830,65474.01,53599.82,11874.19,53599.82,18.1
2025-06-09 08:44:08.776168,65474.01,53606.29,11867.72,53606.29,18.1
2025-06-09 08:44:10.280853,65474.01,53604.71,11869.3,53604.71,18.1
2025-06-09 08:44:11.785298,65474.01,53608.71,11865.3,53608.71,18.1
2025-06-09 08:44:13.289420,65474.01,53607.12,11866.89,53607.12,18.1
2025-06-09 08:44:14.792749,65474.01,53608.18,11865.84,53608.18,18.1
2025-06-09 08:44:16.297512,65474.01,53608.03,11865.98,53608.03,18.1
2025-06-09 08:44:17.802275,65474.01,53608.56,11865.45,53608.56,18.1
2025-06-09 08:44:19.307019,65474.01,53626.21,11847.8,53626.21,18.1
2025-06-09 08:44:20.811446,65474.01,53616.87,11857.14,53616.87,18.1
2025-06-09 08:44:22.316093,65474.01,53617.91,11856.11,53617.91,18.1
2025-06-09 08:44:23.820799,65474.01,53619.81,11854.2,53619.81,18.1
2025-06-09 08:44:25.325859,65474.01,53621.23,11852.78,53621.23,18.1
2025-06-09 08:44:26.830360,65474.01,53622.2,11851.82,53622.2,18.1
2025-06-09 08:44:28.334937,65474.01,53621.0,11853.01,53621.0,18.1
2025-06-09 08:44:29.839497,65474.01,53620.71,11853.3,53620.71,18.1
2025-06-09 08:44:31.343863,65474.01,53623.16,11850.85,53623.16,18.1
2025-06-09 08:44:32.847864,65474.01,53622.54,11851.47,53622.54,18.1
2025-06-09 08:44:34.351765,65474.01,53623.73,11850.28,53623.73,18.1
2025-06-09 08:44:35.855993,65474.01,53625.3,11848.71,53625.3,18.1
2025-06-09 08:44:37.360078,65474.01,53593.16,11880.85,53593.16,18.1
2025-06-09 08:44:38.864645,65474.01,53567.7,11906.31,53567.7,18.2
2025-06-09 08:44:40.368295,65474.01,53570.62,11903.39,53570.62,18.2
2025-06-09 08:44:41.873748,65474.01,53571.86,11902.15,53571.86,18.2
2025-06-09 08:44:43.377598,65474.01,53556.47,11917.54,53556.47,18.2
2025-06-09 08:44:44.882511,65474.01,53592.87,11881.14,53592.87,18.1
2025-06-09 08:44:46.387072,65474.01,53586.27,11887.75,53586.27,18.2
2025-06-09 08:44:47.891329,65474.01,53580.79,11893.22,53580.79,18.2
2025-06-09 08:44:49.395814,65474.01,53586.97,11887.04,53586.97,18.2
2025-06-09 08:44:50.900615,65474.01,53588.16,11885.85,53588.16,18.2
2025-06-09 08:44:52.403813,65474.01,53593.89,11880.12,53593.89,18.1
2025-06-09 08:44:53.909141,65474.01,53589.8,11884.21,53589.8,18.2
2025-06-09 08:44:55.413456,65474.01,53603.19,11870.82,53603.19,18.1
2025-06-09 08:44:56.917866,65474.01,53608.42,11865.59,53608.42,18.1
2025-06-09 08:44:58.422911,65474.01,53608.38,11865.63,53608.38,18.1
2025-06-09 08:44:59.927276,65474.01,53608.68,11865.33,53608.68,18.1
2025-06-09 08:45:01.431627,65474.01,53612.36,11861.65,53612.36,18.1
2025-06-09 08:45:02.935722,65474.01,53608.86,11865.15,53608.86,18.1
